iter	Passed	Remaining
<<<<<<< HEAD
0	17	17482
1	35	17682
2	59	19897
3	88	21974
4	125	24920
5	159	26354
6	185	26380
7	215	26774
8	254	28077
9	292	28970
10	319	28769
11	346	28566
12	371	28182
13	388	27382
14	410	26954
15	450	27735
16	493	28563
17	544	29697
18	612	31626
19	627	30744
20	642	29957
21	657	29237
22	674	28631
23	699	28439
24	715	27921
25	736	27586
26	761	27447
27	790	27456
28	809	27091
29	826	26708
30	844	26392
31	858	25956
32	876	25679
33	893	25388
34	913	25195
35	936	25086
36	960	24992
37	978	24775
38	994	24510
39	1013	24328
40	1032	24150
41	1049	23932
42	1062	23645
43	1077	23409
44	1094	23226
45	1114	23113
46	1129	22898
47	1144	22707
48	1159	22501
49	1181	22456
50	1197	22281
51	1214	22141
52	1230	21987
53	1245	21827
54	1261	21674
55	1277	21541
56	1301	21525
57	1318	21408
58	1334	21285
59	1353	21201
60	1381	21259
61	1401	21201
62	1418	21102
63	1436	21008
64	1454	20924
65	1477	20902
66	1497	20851
67	1515	20777
68	1535	20720
69	1550	20595
70	1570	20550
71	1586	20444
72	1601	20336
73	1616	20233
74	1631	20122
75	1646	20011
76	1660	19902
77	1680	19869
78	1696	19778
79	1713	19702
80	1731	19646
81	1748	19578
82	1771	19567
83	1788	19506
84	1804	19420
85	1820	19343
86	1835	19263
87	1850	19174
88	1863	19078
89	1877	18982
90	1892	18902
91	1907	18822
92	1920	18734
93	1935	18656
94	1950	18579
95	1964	18500
96	1980	18437
97	1994	18359
98	2009	18286
99	2024	18218
100	2039	18157
101	2054	18090
102	2068	18017
103	2083	17948
104	2097	17881
105	2112	17812
106	2124	17732
107	2139	17668
108	2152	17597
109	2166	17528
110	2181	17473
111	2195	17408
112	2211	17357
113	2227	17312
114	2241	17252
115	2259	17216
116	2274	17168
117	2290	17123
118	2305	17070
119	2324	17047
120	2343	17026
121	2361	16997
122	2394	17073
123	2423	17121
124	2458	17211
125	2481	17213
126	2508	17246
127	2523	17188
128	2544	17178
129	2559	17128
130	2579	17109
131	2592	17049
132	2608	17003
133	2624	16963
134	2643	16938
135	2659	16898
136	2673	16838
137	2686	16782
138	2707	16773
139	2727	16752
140	2747	16737
141	2762	16691
142	2778	16654
143	2793	16604
144	2808	16558
145	2827	16540
146	2844	16506
147	2858	16455
148	2872	16408
149	2886	16359
150	2902	16320
151	2915	16267
152	2932	16231
153	2945	16182
154	2960	16138
155	2975	16095
156	2988	16047
157	3004	16011
158	3022	15988
159	3037	15944
160	3052	15906
161	3065	15857
162	3079	15812
163	3093	15767
164	3107	15726
165	3120	15680
166	3135	15642
167	3150	15601
168	3163	15554
169	3177	15513
170	3191	15474
171	3205	15432
172	3219	15392
173	3233	15348
174	3248	15316
175	3263	15279
176	3277	15241
177	3298	15232
178	3311	15188
179	3330	15170
180	3348	15152
181	3366	15130
182	3389	15130
183	3403	15094
184	3418	15060
185	3433	15027
186	3448	14991
187	3465	14966
188	3484	14952
189	3503	14933
190	3521	14914
191	3544	14915
192	3566	14914
193	3583	14889
194	3598	14853
195	3621	14855
196	3637	14827
197	3652	14795
198	3670	14772
199	3688	14755
200	3708	14741
201	3723	14707
202	3738	14679
203	3755	14655
204	3771	14625
205	3790	14609
206	3808	14589
207	3825	14565
208	3843	14547
209	3864	14537
210	3885	14528
211	3902	14506
212	3923	14495
213	3939	14468
214	3955	14440
215	3968	14403
216	3986	14385
217	4005	14368
218	4021	14341
219	4035	14308
220	4049	14273
221	4067	14254
222	4087	14240
223	4108	14233
224	4126	14214
225	4140	14179
226	4157	14157
227	4171	14125
228	4187	14099
229	4206	14083
230	4221	14054
231	4240	14037
232	4258	14019
233	4276	13999
234	4293	13976
235	4311	13956
236	4333	13950
237	4356	13948
238	4373	13925
239	4388	13896
240	4403	13867
241	4417	13837
242	4437	13823
243	4452	13795
244	4467	13766
245	4483	13741
246	4499	13718
247	4516	13695
248	4532	13669
249	4552	13657
250	4574	13649
251	4599	13652
252	4623	13650
253	4640	13628
254	4658	13610
255	4679	13599
256	4702	13595
257	4728	13599
258	4745	13575
259	4766	13565
260	4781	13539
261	4797	13512
262	4820	13508
263	4834	13478
264	4849	13449
265	4863	13421
266	4889	13422
267	4913	13419
268	4937	13417
269	4957	13403
270	4986	13413
271	5008	13405
272	5025	13382
273	5039	13352
274	5056	13331
275	5071	13303
276	5092	13292
277	5110	13272
278	5126	13247
279	5141	13221
280	5156	13193
281	5171	13166
282	5191	13154
283	5211	13137
284	5230	13121
285	5250	13108
286	5267	13086
287	5287	13071
288	5306	13056
289	5324	13034
290	5344	13022
291	5362	13001
292	5377	12976
293	5403	12976
294	5419	12951
295	5438	12934
296	5454	12910
297	5471	12889
298	5486	12863
299	5500	12835
300	5518	12814
301	5533	12790
302	5553	12774
303	5574	12761
304	5589	12735
305	5606	12714
306	5621	12689
307	5638	12667
308	5654	12645
309	5674	12630
310	5691	12609
311	5707	12586
312	5724	12565
313	5739	12540
314	5755	12516
315	5774	12499
316	5790	12475
317	5809	12459
318	5828	12443
319	5850	12431
320	5867	12412
321	5883	12387
322	5898	12363
323	5914	12340
324	5932	12321
325	5950	12302
326	5968	12283
327	5981	12254
328	5997	12231
329	6017	12217
330	6036	12200
331	6052	12177
332	6069	12157
333	6087	12137
334	6104	12118
335	6121	12096
336	6137	12075
337	6156	12057
338	6174	12039
339	6198	12031
340	6218	12016
341	6236	11999
342	6253	11978
343	6269	11955
344	6288	11938
345	6303	11914
346	6319	11892
347	6335	11870
348	6358	11860
349	6375	11839
350	6397	11828
351	6417	11814
352	6432	11789
353	6448	11766
354	6464	11745
355	6481	11724
356	6501	11710
357	6519	11692
358	6534	11667
359	6548	11641
360	6569	11629
361	6583	11603
362	6601	11583
363	6615	11558
364	6629	11533
365	6643	11507
366	6659	11486
367	6679	11471
368	6699	11457
369	6717	11437
370	6731	11413
371	6746	11389
372	6764	11371
373	6780	11349
374	6797	11329
375	6811	11303
376	6825	11278
377	6845	11264
378	6868	11253
379	6885	11234
380	6906	11221
381	6933	11216
382	6958	11210
383	6974	11187
384	6990	11166
385	7010	11151
386	7029	11135
387	7049	11119
388	7070	11105
389	7085	11083
390	7105	11067
391	7125	11051
392	7144	11035
393	7162	11016
394	7176	10991
395	7190	10967
396	7206	10946
397	7222	10923
398	7240	10905
399	7260	10890
400	7276	10869
401	7297	10855
402	7314	10836
403	7348	10841
404	7367	10823
405	7385	10805
406	7410	10796
407	7428	10779
408	7444	10756
409	7460	10735
410	7477	10716
411	7499	10703
412	7518	10686
413	7535	10666
414	7551	10645
415	7569	10625
416	7584	10603
417	7598	10579
418	7615	10559
419	7630	10536
420	7644	10513
421	7664	10498
422	7682	10479
423	7699	10460
424	7712	10434
425	7726	10410
426	7741	10388
427	7757	10367
428	7772	10345
429	7786	10321
430	7801	10299
431	7815	10275
432	7830	10253
433	7847	10233
434	7865	10216
435	7881	10195
436	7894	10170
437	7908	10148
438	7924	10126
439	7940	10105
440	7959	10089
441	7973	10066
442	7989	10045
443	8003	10022
444	8018	10000
445	8033	9979
446	8047	9955
447	8062	9933
448	8077	9912
449	8094	9893
450	8108	9870
451	8123	9848
452	8138	9827
453	8154	9806
454	8169	9785
455	8185	9765
456	8202	9745
457	8217	9724
458	8233	9704
459	8252	9687
460	8268	9668
461	8284	9647
462	8299	9625
463	8314	9604
464	8347	9603
465	8362	9582
466	8377	9561
467	8391	9539
468	8405	9516
469	8420	9495
470	8433	9472
471	8454	9457
472	8467	9434
473	8480	9410
474	8496	9390
475	8511	9369
476	8527	9349
477	8542	9328
478	8559	9309
479	8574	9288
480	8589	9267
481	8607	9250
482	8624	9231
483	8642	9213
484	8657	9193
485	8673	9173
486	8688	9152
487	8704	9132
488	8717	9109
489	8734	9090
490	8756	9077
491	8776	9061
492	8794	9044
493	8810	9024
494	8830	9008
495	8850	8993
496	8869	8976
497	8890	8962
498	8906	8942
499	8922	8922
500	8938	8903
501	8958	8887
502	8974	8867
503	8990	8847
504	9010	8831
505	9027	8813
506	9043	8793
507	9062	8776
508	9078	8757
509	9100	8743
510	9122	8729
511	9146	8717
512	9175	8710
513	9202	8701
514	9228	8690
515	9254	8680
516	9277	8667
517	9294	8648
518	9319	8637
519	9345	8626
520	9381	8625
521	9418	8624
522	9453	8621
523	9482	8613
524	9518	8611
525	9547	8603
526	9577	8595
527	9608	8589
528	9624	8569
529	9642	8550
530	9658	8530
531	9673	8509
532	9693	8493
533	9712	8475
534	9732	8459
535	9750	8440
536	9763	8418
537	9778	8397
538	9793	8376
539	9807	8354
540	9823	8334
541	9843	8318
542	9864	8302
543	9885	8286
544	9902	8267
545	9921	8249
546	9938	8230
547	9958	8213
548	9973	8193
549	9988	8172
550	10004	8152
551	10026	8137
552	10045	8120
553	10061	8100
554	10082	8084
555	10098	8064
556	10116	8045
557	10130	8024
558	10146	8004
559	10167	7988
560	10186	7971
561	10208	7955
562	10228	7939
563	10249	7923
564	10267	7905
565	10289	7889
566	10306	7871
567	10322	7850
568	10339	7832
569	10355	7812
570	10372	7793
571	10394	7777
572	10413	7759
573	10430	7741
574	10447	7721
575	10463	7702
576	10480	7683
577	10500	7666
578	10521	7650
579	10536	7629
580	10554	7611
581	10570	7591
582	10584	7570
583	10599	7550
584	10612	7528
585	10631	7511
586	10654	7496
587	10669	7476
588	10685	7456
589	10702	7437
590	10721	7419
591	10738	7400
592	10759	7385
593	10779	7367
594	10794	7347
595	10812	7329
596	10829	7310
597	10845	7290
598	10859	7269
599	10876	7251
600	10891	7231
601	10909	7212
602	10928	7194
603	10946	7177
604	10969	7161
605	10989	7145
606	11006	7125
607	11033	7113
608	11054	7097
609	11073	7080
610	11089	7060
611	11113	7045
612	11130	7026
613	11151	7010
614	11172	6994
615	11198	6980
616	11219	6964
617	11244	6950
618	11263	6932
619	11285	6916
620	11303	6898
621	11320	6879
622	11338	6861
623	11355	6842
624	11373	6824
625	11390	6804
626	11413	6789
627	11442	6777
628	11467	6763
629	11490	6748
630	11509	6730
631	11535	6716
632	11556	6700
633	11580	6685
634	11595	6665
635	11620	6650
636	11641	6634
637	11656	6614
638	11672	6594
639	11693	6577
640	11717	6562
641	11742	6548
642	11765	6532
643	11784	6514
644	11808	6499
645	11829	6482
646	11843	6462
647	11860	6442
648	11875	6422
649	11888	6401
650	11903	6381
651	11919	6361
652	11933	6341
653	11947	6321
654	11964	6301
655	11976	6280
656	11991	6260
657	12005	6240
658	12022	6220
659	12036	6200
660	12050	6180
661	12065	6160
662	12079	6140
663	12093	6119
664	12106	6098
665	12122	6079
666	12139	6060
667	12153	6040
668	12167	6020
669	12182	6000
670	12198	5981
671	12212	5960
672	12225	5940
673	12239	5920
674	12256	5901
675	12271	5881
676	12289	5863
677	12303	5843
678	12325	5826
679	12339	5806
680	12359	5789
681	12375	5770
682	12391	5751
683	12406	5731
684	12421	5712
685	12435	5691
686	12449	5671
687	12465	5652
688	12479	5633
689	12493	5612
690	12508	5593
691	12523	5574
692	12538	5554
693	12553	5535
694	12570	5516
695	12584	5496
696	12597	5476
697	12612	5456
698	12627	5437
699	12641	5417
700	12659	5399
701	12673	5379
702	12690	5361
703	12704	5341
704	12717	5321
705	12731	5301
706	12745	5282
707	12760	5262
708	12774	5243
709	12788	5223
710	12803	5204
711	12817	5184
712	12832	5165
713	12848	5146
714	12863	5127
715	12877	5107
716	12893	5088
717	12907	5069
718	12920	5049
719	12936	5030
720	12955	5013
721	12970	4994
722	12984	4974
723	12999	4955
724	13012	4935
725	13026	4916
726	13040	4896
727	13054	4877
728	13068	4857
729	13081	4838
730	13095	4818
731	13109	4799
732	13123	4780
733	13137	4761
734	13153	4742
735	13168	4723
736	13182	4704
737	13198	4685
738	13213	4666
739	13227	4647
740	13241	4628
741	13256	4609
742	13269	4589
743	13292	4573
744	13311	4556
745	13328	4538
746	13342	4518
747	13358	4500
748	13379	4483
749	13395	4465
750	13412	4447
751	13432	4429
752	13450	4411
753	13467	4393
754	13485	4376
755	13502	4357
756	13522	4340
757	13541	4323
758	13557	4304
759	13578	4287
760	13605	4272
761	13628	4256
762	13649	4239
763	13675	4224
764	13690	4205
765	13708	4187
766	13728	4170
767	13746	4152
768	13762	4134
769	13781	4116
770	13799	4098
771	13821	4081
772	13842	4064
773	13858	4046
774	13873	4027
775	13890	4009
776	13914	3993
777	13936	3976
778	13959	3960
779	13986	3944
780	14010	3928
781	14032	3911
782	14059	3896
783	14083	3880
784	14103	3862
785	14122	3845
786	14144	3828
787	14165	3810
788	14187	3794
789	14204	3775
790	14224	3758
791	14241	3740
792	14260	3722
793	14292	3708
794	14309	3689
795	14332	3673
796	14354	3656
797	14372	3638
798	14390	3620
799	14406	3601
800	14427	3584
801	14442	3565
802	14464	3548
803	14482	3530
804	14500	3512
805	14521	3495
806	14539	3477
807	14566	3461
808	14583	3443
809	14597	3423
810	14611	3405
811	14628	3386
812	14646	3368
813	14665	3351
814	14683	3333
815	14702	3315
816	14718	3296
817	14736	3278
818	14752	3260
819	14770	3242
820	14784	3223
821	14803	3205
822	14821	3187
823	14836	3168
824	14862	3152
825	14883	3135
826	14903	3117
827	14920	3099
828	14942	3082
829	14956	3063
830	14971	3044
831	14986	3026
832	15004	3008
833	15026	2990
834	15041	2972
835	15056	2953
836	15078	2936
837	15101	2919
838	15119	2901
839	15146	2885
840	15167	2867
841	15188	2850
842	15208	2832
843	15224	2813
844	15246	2796
845	15266	2778
846	15285	2761
847	15304	2743
848	15321	2724
849	15339	2706
850	15357	2688
851	15373	2670
852	15399	2653
853	15419	2636
854	15433	2617
855	15449	2599
856	15465	2580
857	15485	2562
858	15503	2544
859	15519	2526
860	15536	2508
861	15552	2489
862	15572	2472
863	15593	2454
864	15611	2436
865	15630	2418
866	15648	2400
867	15670	2383
868	15686	2364
869	15700	2346
870	15716	2327
871	15732	2309
872	15753	2291
873	15771	2273
874	15792	2256
875	15810	2237
876	15827	2219
877	15849	2202
878	15871	2184
879	15897	2167
880	15915	2149
881	15937	2132
882	15951	2113
883	15974	2096
884	15995	2078
885	16015	2060
886	16031	2042
887	16046	2023
888	16066	2006
889	16081	1987
890	16102	1969
891	16128	1952
892	16151	1935
893	16174	1917
894	16201	1900
895	16219	1882
896	16234	1864
897	16257	1846
898	16280	1829
899	16315	1812
900	16354	1797
901	16374	1779
902	16394	1761
903	16411	1742
904	16427	1724
905	16441	1705
906	16456	1687
907	16475	1669
908	16493	1651
909	16509	1632
910	16528	1614
911	16548	1596
912	16566	1578
913	16589	1560
914	16609	1542
915	16628	1524
916	16647	1506
917	16668	1488
918	16683	1470
919	16701	1452
920	16719	1434
921	16734	1415
922	16751	1397
923	16767	1379
924	16782	1360
925	16797	1342
926	16810	1323
927	16825	1305
928	16838	1286
929	16853	1268
930	16867	1250
931	16881	1231
932	16895	1213
933	16910	1194
934	16929	1176
935	16942	1158
936	16957	1140
937	16974	1121
938	16991	1103
939	17005	1085
940	17018	1067
941	17033	1048
942	17047	1030
943	17062	1012
944	17076	993
945	17092	975
946	17107	957
947	17121	939
948	17138	921
949	17157	903
950	17171	884
951	17186	866
952	17202	848
953	17219	830
954	17233	812
955	17248	793
956	17264	775
957	17280	757
958	17296	739
959	17311	721
960	17326	703
961	17345	685
962	17360	667
963	17375	648
964	17391	630
965	17408	612
966	17422	594
967	17438	576
968	17455	558
969	17474	540
970	17488	522
971	17501	504
972	17515	486
973	17529	467
974	17544	449
975	17560	431
976	17574	413
977	17592	395
978	17615	377
979	17630	359
980	17645	341
981	17662	323
982	17677	305
983	17694	287
984	17709	269
985	17723	251
986	17736	233
987	17750	215
988	17763	197
989	17781	179
990	17803	161
991	17820	143
992	17835	125
993	17848	107
994	17862	89
995	17876	71
996	17892	53
997	17907	35
998	17924	17
999	17937	0
=======
0	14	14002
1	24	12395
2	41	13643
3	50	12681
4	60	11956
5	71	11779
6	81	11612
7	93	11608
8	105	11575
9	116	11526
10	126	11391
11	136	11277
12	157	11929
13	164	11578
14	174	11446
15	184	11365
16	195	11328
17	206	11242
18	215	11149
19	226	11089
20	236	11008
21	247	10985
22	258	10979
23	268	10932
24	278	10871
25	290	10896
26	308	11103
27	319	11089
28	335	11222
29	344	11145
30	355	11103
31	365	11049
32	375	11008
33	387	10996
34	398	10982
35	408	10949
36	418	10902
37	428	10860
38	438	10805
39	448	10772
40	459	10745
41	470	10723
42	479	10675
43	489	10626
44	498	10583
45	509	10570
46	519	10532
47	529	10495
48	539	10474
49	549	10448
50	560	10437
51	584	10655
52	594	10618
53	604	10581
54	613	10548
55	624	10527
56	635	10516
57	646	10503
58	656	10471
59	665	10433
60	675	10405
61	685	10376
62	695	10346
63	705	10318
64	718	10329
65	727	10300
66	737	10273
67	747	10241
68	757	10220
69	767	10190
70	777	10177
71	801	10335
72	828	10517
73	837	10484
74	847	10453
75	857	10422
76	866	10391
77	876	10356
78	885	10327
79	895	10297
80	904	10265
81	914	10239
82	924	10212
83	934	10187
84	943	10158
85	953	10131
86	962	10104
87	972	10075
88	981	10050
89	991	10026
90	1003	10023
91	1020	10071
92	1037	10117
93	1046	10081
94	1059	10093
95	1075	10125
96	1084	10097
97	1094	10069
98	1103	10043
99	1112	10015
100	1122	9992
101	1132	9968
102	1142	9945
103	1151	9921
104	1161	9898
105	1170	9875
106	1180	9849
107	1189	9823
108	1199	9803
109	1208	9780
110	1218	9762
111	1228	9741
112	1238	9721
113	1248	9703
114	1258	9685
115	1267	9660
116	1277	9639
117	1286	9618
118	1296	9599
119	1306	9577
120	1315	9557
121	1325	9540
122	1336	9530
123	1346	9512
124	1355	9490
125	1365	9472
126	1376	9460
127	1385	9441
128	1395	9421
129	1404	9401
130	1414	9381
131	1423	9362
132	1432	9340
133	1442	9322
134	1452	9306
135	1462	9288
136	1471	9272
137	1481	9252
138	1490	9233
139	1509	9269
140	1521	9266
141	1530	9248
142	1540	9232
143	1550	9214
144	1559	9196
145	1569	9181
146	1581	9174
147	1590	9155
148	1599	9136
149	1609	9118
150	1618	9100
151	1627	9082
152	1637	9067
153	1647	9049
154	1656	9030
155	1665	9011
156	1675	8995
157	1685	8979
158	1694	8962
159	1703	8945
160	1714	8932
161	1724	8920
162	1734	8908
163	1745	8899
164	1757	8893
165	1767	8878
166	1785	8908
167	1795	8889
168	1804	8871
169	1813	8853
170	1822	8834
171	1831	8817
172	1841	8802
173	1851	8788
174	1860	8771
175	1870	8756
176	1879	8741
177	1889	8725
178	1899	8710
179	1908	8694
180	1917	8677
181	1927	8663
182	1936	8647
183	1946	8631
184	1956	8617
185	1965	8602
186	1974	8586
187	1984	8570
188	1994	8556
189	2006	8554
190	2017	8544
191	2026	8529
192	2036	8516
193	2051	8523
194	2061	8511
195	2072	8499
196	2087	8507
197	2098	8500
198	2108	8485
199	2119	8477
200	2135	8490
201	2145	8474
202	2154	8459
203	2164	8447
204	2174	8432
205	2183	8417
206	2193	8403
207	2204	8394
208	2214	8382
209	2224	8369
210	2246	8399
211	2259	8399
212	2269	8384
213	2281	8380
214	2306	8419
215	2317	8411
216	2327	8398
217	2341	8398
218	2353	8391
219	2362	8376
220	2372	8361
221	2381	8346
222	2391	8332
223	2401	8318
224	2410	8302
225	2419	8286
226	2429	8274
227	2439	8260
228	2449	8247
229	2460	8235
230	2469	8221
231	2479	8207
232	2488	8191
233	2498	8178
234	2507	8164
235	2519	8155
236	2531	8149
237	2541	8135
238	2550	8120
239	2560	8107
240	2571	8099
241	2581	8084
242	2592	8076
243	2603	8065
244	2612	8051
245	2622	8037
246	2631	8022
247	2640	8007
248	2652	8001
249	2671	8015
250	2681	8001
251	2692	7991
252	2701	7976
253	2711	7962
254	2720	7948
255	2729	7933
256	2739	7919
257	2748	7904
258	2757	7889
259	2766	7874
260	2776	7860
261	2785	7846
262	2795	7832
263	2804	7818
264	2814	7805
265	2825	7796
266	2835	7783
267	2844	7769
268	2854	7756
269	2863	7742
270	2873	7729
271	2882	7715
272	2896	7713
273	2906	7700
274	2916	7688
275	2927	7679
276	2938	7669
277	2949	7659
278	2960	7651
279	2970	7638
280	2979	7623
281	2989	7610
282	3001	7604
283	3011	7592
284	3020	7578
285	3030	7564
286	3042	7557
287	3051	7544
288	3062	7534
289	3074	7527
290	3084	7515
291	3094	7501
292	3103	7489
293	3112	7475
294	3123	7463
295	3132	7450
296	3142	7437
297	3151	7424
298	3161	7411
299	3171	7399
300	3181	7387
301	3191	7377
302	3206	7377
303	3216	7364
304	3226	7351
305	3235	7338
306	3245	7325
307	3255	7315
308	3267	7306
309	3284	7310
310	3294	7298
311	3305	7288
312	3316	7278
313	3326	7267
314	3336	7255
315	3347	7245
316	3357	7234
317	3368	7224
318	3381	7219
319	3391	7207
320	3401	7195
321	3411	7182
322	3422	7173
323	3432	7162
324	3443	7152
325	3453	7140
326	3464	7129
327	3474	7118
328	3485	7107
329	3494	7094
330	3504	7082
331	3515	7073
332	3525	7061
333	3535	7049
334	3545	7037
335	3557	7029
336	3566	7016
337	3575	7003
338	3585	6990
339	3594	6977
340	3604	6965
341	3613	6953
342	3623	6940
343	3632	6926
344	3641	6914
345	3651	6902
346	3662	6891
347	3671	6879
348	3682	6869
349	3692	6858
350	3702	6845
351	3711	6833
352	3721	6820
353	3732	6811
354	3742	6799
355	3751	6786
356	3761	6774
357	3773	6767
358	3783	6754
359	3792	6742
360	3802	6730
361	3813	6721
362	3823	6710
363	3835	6701
364	3847	6693
365	3860	6686
366	3870	6676
367	3880	6664
368	3891	6654
369	3902	6645
370	3913	6634
371	3924	6624
372	3933	6612
373	3945	6604
374	3956	6593
375	3966	6582
376	3978	6574
377	3987	6562
378	4000	6554
379	4010	6543
380	4022	6534
381	4032	6524
382	4044	6515
383	4054	6503
384	4063	6491
385	4073	6479
386	4082	6467
387	4092	6455
388	4102	6443
389	4112	6431
390	4121	6419
391	4130	6407
392	4140	6394
393	4153	6389
394	4162	6376
395	4173	6365
396	4182	6353
397	4192	6341
398	4202	6329
399	4211	6317
400	4221	6306
401	4231	6295
402	4242	6285
403	4254	6276
404	4264	6264
405	4273	6252
406	4283	6240
407	4292	6228
408	4302	6216
409	4311	6204
410	4320	6192
411	4330	6180
412	4340	6168
413	4349	6156
414	4358	6143
415	4367	6131
416	4377	6119
417	4386	6107
418	4396	6096
419	4405	6084
420	4415	6071
421	4424	6060
422	4433	6047
423	4443	6035
424	4452	6024
425	4462	6012
426	4472	6001
427	4481	5989
428	4491	5978
429	4501	5966
430	4511	5955
431	4520	5943
432	4531	5933
433	4540	5921
434	4553	5913
435	4562	5901
436	4581	5902
437	4604	5907
438	4614	5896
439	4623	5884
440	4633	5872
441	4642	5861
442	4652	5849
443	4661	5837
444	4671	5826
445	4680	5814
446	4690	5802
447	4699	5790
448	4709	5778
449	4718	5767
450	4728	5755
451	4737	5743
452	4746	5731
453	4756	5719
454	4766	5709
455	4776	5698
456	4785	5686
457	4795	5674
458	4804	5662
459	4813	5651
460	4823	5639
461	4833	5628
462	4842	5616
463	4852	5605
464	4861	5593
465	4871	5582
466	4880	5570
467	4889	5558
468	4898	5546
469	4908	5534
470	4917	5523
471	4926	5511
472	4936	5499
473	4945	5487
474	4954	5476
475	4964	5464
476	4973	5452
477	4982	5440
478	4995	5433
479	5003	5420
480	5012	5408
481	5024	5400
482	5035	5390
483	5046	5379
484	5056	5369
485	5074	5367
486	5097	5369
487	5107	5358
488	5117	5347
489	5134	5344
490	5163	5352
491	5180	5348
492	5189	5336
493	5198	5325
494	5209	5315
495	5220	5305
496	5234	5297
497	5244	5286
498	5255	5277
499	5279	5279
500	5289	5268
501	5300	5257
502	5314	5250
503	5339	5254
504	5358	5252
505	5368	5241
506	5378	5229
507	5387	5218
508	5397	5206
509	5408	5196
510	5418	5184
511	5427	5173
512	5437	5161
513	5446	5149
514	5456	5138
515	5465	5126
516	5475	5115
517	5484	5103
518	5494	5091
519	5508	5084
520	5518	5073
521	5535	5068
522	5561	5072
523	5573	5062
524	5584	5052
525	5594	5041
526	5605	5030
527	5616	5020
528	5625	5008
529	5635	4997
530	5648	4989
531	5660	4979
532	5670	4968
533	5680	4956
534	5689	4945
535	5699	4933
536	5708	4921
537	5718	4910
538	5731	4901
539	5740	4890
540	5751	4879
541	5760	4867
542	5770	4856
543	5779	4844
544	5789	4833
545	5800	4823
546	5810	4812
547	5822	4802
548	5831	4790
549	5841	4779
550	5851	4767
551	5861	4756
552	5870	4745
553	5880	4734
554	5891	4723
555	5900	4711
556	5910	4700
557	5920	4689
558	5929	4677
559	5938	4666
560	5948	4654
561	5956	4642
562	5966	4631
563	5979	4622
564	6000	4619
565	6009	4608
566	6019	4596
567	6028	4585
568	6038	4573
569	6047	4562
570	6057	4550
571	6066	4539
572	6075	4527
573	6084	4516
574	6094	4504
575	6103	4493
576	6113	4481
577	6123	4470
578	6132	4459
579	6141	4447
580	6151	4436
581	6160	4424
582	6169	4413
583	6179	4402
584	6190	4391
585	6199	4380
586	6209	4368
587	6218	4357
588	6227	4345
589	6237	4334
590	6246	4323
591	6256	4311
592	6265	4300
593	6274	4288
594	6284	4277
595	6293	4266
596	6302	4254
597	6311	4242
598	6321	4231
599	6330	4220
600	6340	4209
601	6350	4198
602	6359	4186
603	6368	4175
604	6378	4164
605	6388	4153
606	6397	4141
607	6406	4130
608	6415	4119
609	6425	4107
610	6434	4096
611	6443	4085
612	6452	4073
613	6463	4063
614	6473	4052
615	6482	4041
616	6492	4029
617	6501	4018
618	6510	4007
619	6520	3996
620	6529	3985
621	6541	3975
622	6550	3964
623	6560	3953
624	6569	3941
625	6579	3930
626	6588	3919
627	6598	3908
628	6607	3897
629	6616	3886
630	6626	3875
631	6635	3863
632	6645	3852
633	6655	3841
634	6664	3831
635	6674	3820
636	6687	3810
637	6699	3801
638	6708	3790
639	6718	3779
640	6727	3767
641	6737	3756
642	6747	3746
643	6756	3734
644	6765	3723
645	6775	3712
646	6784	3701
647	6793	3690
648	6803	3679
649	6812	3668
650	6822	3657
651	6831	3646
652	6840	3635
653	6849	3623
654	6859	3612
655	6868	3601
656	6877	3590
657	6886	3579
658	6896	3568
659	6906	3557
660	6915	3546
661	6924	3535
662	6934	3524
663	6943	3513
664	6953	3502
665	6962	3491
666	6975	3482
667	6985	3471
668	6994	3460
669	7003	3449
670	7014	3439
671	7024	3428
672	7034	3417
673	7043	3407
674	7053	3396
675	7063	3385
676	7072	3374
677	7081	3363
678	7090	3352
679	7100	3341
680	7109	3330
681	7119	3319
682	7132	3310
683	7146	3301
684	7156	3290
685	7165	3279
686	7174	3268
687	7183	3257
688	7193	3246
689	7202	3235
690	7212	3225
691	7221	3214
692	7231	3203
693	7240	3192
694	7249	3181
695	7259	3170
696	7268	3159
697	7278	3149
698	7287	3138
699	7297	3127
700	7308	3117
701	7317	3106
702	7327	3095
703	7336	3084
704	7346	3073
705	7355	3063
706	7364	3052
707	7373	3041
708	7383	3030
709	7392	3019
710	7401	3008
711	7412	2998
712	7425	2988
713	7435	2978
714	7444	2967
715	7454	2956
716	7463	2945
717	7472	2934
718	7481	2924
719	7491	2913
720	7500	2902
721	7510	2891
722	7519	2880
723	7531	2871
724	7540	2860
725	7551	2849
726	7561	2839
727	7571	2829
728	7581	2818
729	7591	2807
730	7600	2797
731	7611	2786
732	7620	2775
733	7632	2766
734	7644	2756
735	7654	2745
736	7665	2735
737	7675	2724
738	7685	2714
739	7694	2703
740	7704	2692
741	7714	2682
742	7723	2671
743	7732	2660
744	7742	2650
745	7752	2639
746	7761	2628
747	7770	2617
748	7779	2607
749	7789	2596
750	7798	2585
751	7808	2575
752	7818	2564
753	7828	2553
754	7838	2543
755	7848	2532
756	7857	2522
757	7867	2511
758	7876	2501
759	7886	2490
760	7895	2479
761	7904	2468
762	7914	2458
763	7923	2447
764	7932	2436
765	7941	2426
766	7951	2415
767	7963	2405
768	7973	2395
769	7983	2384
770	7992	2373
771	8004	2363
772	8013	2353
773	8023	2342
774	8032	2332
775	8042	2321
776	8058	2312
777	8071	2303
778	8080	2292
779	8090	2281
780	8099	2271
781	8108	2260
782	8118	2250
783	8128	2239
784	8138	2229
785	8149	2218
786	8158	2208
787	8168	2197
788	8176	2186
789	8185	2175
790	8195	2165
791	8204	2154
792	8213	2144
793	8223	2133
794	8232	2122
795	8241	2112
796	8251	2101
797	8260	2091
798	8270	2080
799	8279	2069
800	8288	2059
801	8297	2048
802	8307	2038
803	8316	2027
804	8325	2016
805	8335	2006
806	8344	1995
807	8354	1985
808	8378	1978
809	8397	1969
810	8406	1959
811	8415	1948
812	8424	1937
813	8434	1927
814	8443	1916
815	8452	1906
816	8462	1895
817	8471	1884
818	8479	1874
819	8489	1863
820	8498	1853
821	8508	1842
822	8517	1831
823	8528	1821
824	8537	1811
825	8547	1800
826	8556	1789
827	8566	1779
828	8575	1768
829	8585	1758
830	8596	1748
831	8606	1737
832	8625	1729
833	8635	1718
834	8647	1708
835	8671	1701
836	8696	1693
837	8705	1682
838	8715	1672
839	8724	1661
840	8733	1651
841	8743	1640
842	8752	1630
843	8762	1619
844	8771	1609
845	8781	1598
846	8790	1587
847	8799	1577
848	8809	1566
849	8818	1556
850	8828	1545
851	8837	1535
852	8847	1524
853	8858	1514
854	8868	1503
855	8879	1493
856	8890	1483
857	8899	1472
858	8909	1462
859	8918	1451
860	8929	1441
861	8939	1431
862	8956	1421
863	8977	1413
864	8992	1403
865	9010	1394
866	9020	1383
867	9029	1373
868	9039	1362
869	9048	1352
870	9058	1341
871	9068	1331
872	9078	1320
873	9091	1310
874	9100	1300
875	9110	1289
876	9119	1279
877	9129	1268
878	9138	1257
879	9147	1247
880	9156	1236
881	9166	1226
882	9176	1215
883	9186	1205
884	9195	1194
885	9204	1184
886	9214	1173
887	9224	1163
888	9233	1152
889	9242	1142
890	9252	1131
891	9261	1121
892	9270	1110
893	9280	1100
894	9290	1089
895	9299	1079
896	9308	1068
897	9328	1059
898	9337	1049
899	9346	1038
900	9355	1027
901	9365	1017
902	9374	1006
903	9383	996
904	9393	986
905	9402	975
906	9411	965
907	9421	954
908	9430	944
909	9440	933
910	9450	923
911	9460	912
912	9469	902
913	9479	891
914	9488	881
915	9497	870
916	9506	860
917	9517	850
918	9527	839
919	9536	829
920	9545	818
921	9555	808
922	9564	797
923	9574	787
924	9593	777
925	9603	767
926	9613	757
927	9622	746
928	9632	736
929	9642	725
930	9651	715
931	9660	704
932	9669	694
933	9679	683
934	9688	673
935	9697	663
936	9707	652
937	9716	642
938	9726	631
939	9735	621
940	9745	611
941	9754	600
942	9764	590
943	9774	579
944	9783	569
945	9793	559
946	9805	548
947	9814	538
948	9824	527
949	9833	517
950	9842	507
951	9862	497
952	9899	488
953	9915	478
954	9924	467
955	9933	457
956	9943	446
957	9955	436
958	9965	426
959	9975	415
960	9986	405
961	9998	394
962	10016	384
963	10046	375
964	10074	365
965	10090	355
966	10100	344
967	10110	334
968	10119	323
969	10129	313
970	10138	302
971	10147	292
972	10156	281
973	10165	271
974	10175	260
975	10184	250
976	10194	240
977	10204	229
978	10213	219
979	10223	208
980	10232	198
981	10242	187
982	10251	177
983	10260	166
984	10270	156
985	10279	145
986	10289	135
987	10298	125
988	10308	114
989	10317	104
990	10326	93
991	10336	83
992	10345	72
993	10355	62
994	10366	52
995	10376	41
996	10385	31
997	10394	20
998	10404	10
999	10413	0
>>>>>>> bf37537dc286fe84ab359a9946d73ef9bd687ab5
